FlightNumber,date,BoosterVersion,PayloadMass,LaunchSite,Latitude,Longitude,Orbit,Flights,Reused,GridFins,Legs,LandingPad,ReusedCount,Serial,Block,Outcome,class
1,2010-06-04,Falcon 9,8183.607718120806,CCSFS SLC 40,28.5618571,-80.577366,LEO,1.0,False,False,False,,0.0,B0003,1.0,None None,0
2,2012-05-22,Falcon 9,525.0,CCSFS SLC 40,28.5618571,-80.577366,LEO,1.0,False,False,False,,0.0,B0005,1.0,None None,0
3,2013-03-01,Falcon 9,677.0,CCSFS SLC 40,28.5618571,-80.577366,ISS,1.0,False,False,False,,0.0,B0007,1.0,None None,0
4,2013-09-29,Falcon 9,500.0,VAFB SLC 4E,34.632093,-120.610829,PO,1.0,False,False,False,,0.0,B1003,1.0,False Ocean,0
5,2013-12-03,Falcon 9,3170.0,CCSFS SLC 40,28.5618571,-80.577366,GTO,1.0,False,False,False,,0.0,B1004,1.0,None None,0
6,2014-01-06,Falcon 9,3325.0,CCSFS SLC 40,28.5618571,-80.577366,GTO,1.0,False,False,False,,0.0,B1005,1.0,None None,0
7,2014-04-18,Falcon 9,2296.0,CCSFS SLC 40,28.5618571,-80.577366,ISS,1.0,False,False,True,,0.0,B1006,1.0,True Ocean,1
8,2014-07-14,Falcon 9,1316.0,CCSFS SLC 40,28.5618571,-80.577366,LEO,1.0,False,False,True,,0.0,B1007,1.0,True Ocean,1
9,2014-08-05,Falcon 9,4535.0,CCSFS SLC 40,28.5618571,-80.577366,GTO,1.0,False,False,False,,0.0,B1008,1.0,None None,0
10,2014-09-07,Falcon 9,4428.0,CCSFS SLC 40,28.5618571,-80.577366,GTO,1.0,False,False,False,,0.0,B1011,1.0,None None,0
11,2014-09-21,Falcon 9,2216.0,CCSFS SLC 40,28.5618571,-80.577366,ISS,1.0,False,False,False,,0.0,B1010,1.0,False Ocean,0
12,2015-01-10,Falcon 9,2395.0,CCSFS SLC 40,28.5618571,-80.577366,ISS,1.0,False,True,True,5e9e3032383ecb761634e7cb,0.0,B1012,1.0,False ASDS,0
13,2015-02-11,Falcon 9,570.0,CCSFS SLC 40,28.5618571,-80.577366,ES-L1,1.0,False,True,True,,0.0,B1013,1.0,True Ocean,1
14,2015-04-14,Falcon 9,1898.0,CCSFS SLC 40,28.5618571,-80.577366,ISS,1.0,False,True,True,5e9e3032383ecb761634e7cb,0.0,B1015,1.0,False ASDS,0
15,2015-04-27,Falcon 9,4707.0,CCSFS SLC 40,28.5618571,-80.577366,GTO,1.0,False,False,False,,0.0,B1016,1.0,None None,0
16,2015-06-28,Falcon 9,2477.0,CCSFS SLC 40,28.5618571,-80.577366,ISS,1.0,False,True,True,5e9e3032383ecb6bb234e7ca,0.0,B1018,1.0,None ASDS,0
17,2015-12-22,Falcon 9,2034.0,CCSFS SLC 40,28.5618571,-80.577366,LEO,1.0,False,True,True,5e9e3032383ecb267a34e7c7,0.0,B1019,1.0,True RTLS,1
18,2016-01-17,Falcon 9,553.0,VAFB SLC 4E,34.632093,-120.610829,PO,1.0,False,True,True,5e9e3033383ecbb9e534e7cc,0.0,B1017,1.0,False ASDS,0
19,2016-03-04,Falcon 9,5271.0,CCSFS SLC 40,28.5618571,-80.577366,GTO,1.0,False,True,True,5e9e3032383ecb6bb234e7ca,0.0,B1020,1.0,False ASDS,0
20,2016-04-08,Falcon 9,3136.0,CCSFS SLC 40,28.5618571,-80.577366,ISS,1.0,False,True,True,5e9e3032383ecb6bb234e7ca,1.0,B1021,2.0,True ASDS,1
21,2016-05-06,Falcon 9,4696.0,CCSFS SLC 40,28.5618571,-80.577366,GTO,1.0,False,True,True,5e9e3032383ecb6bb234e7ca,0.0,B1022,2.0,True ASDS,1
22,2016-05-27,Falcon 9,3100.0,CCSFS SLC 40,28.5618571,-80.577366,GTO,1.0,False,True,True,5e9e3032383ecb6bb234e7ca,1.0,B1023,2.0,True ASDS,1
23,2016-07-18,Falcon 9,2257.0,CCSFS SLC 40,28.5618571,-80.577366,ISS,1.0,False,True,True,5e9e3032383ecb267a34e7c7,1.0,B1025,2.0,True RTLS,1
24,2016-08-14,Falcon 9,4600.0,CCSFS SLC 40,28.5618571,-80.577366,GTO,1.0,False,True,True,5e9e3032383ecb6bb234e7ca,0.0,B1026,2.0,True ASDS,1
25,2016-09-01,Falcon 9,5500.0,CCSFS SLC 40,28.5618571,-80.577366,GTO,1.0,False,True,True,5e9e3032383ecb6bb234e7ca,0.0,B1028,3.0,None ASDS,0
26,2017-01-14,Falcon 9,9600.0,VAFB SLC 4E,34.632093,-120.610829,PO,1.0,False,True,True,5e9e3033383ecbb9e534e7cc,1.0,B1029,3.0,True ASDS,1
27,2017-02-19,Falcon 9,2490.0,KSC LC 39A,28.6080585,-80.6039558,ISS,1.0,False,True,True,5e9e3032383ecb267a34e7c7,1.0,B1031,3.0,True RTLS,1
28,2017-03-16,Falcon 9,5600.0,KSC LC 39A,28.6080585,-80.6039558,GTO,1.0,False,False,False,,0.0,B1030,3.0,None None,0
29,2017-03-30,Falcon 9,5300.0,KSC LC 39A,28.6080585,-80.6039558,GTO,2.0,True,True,True,5e9e3032383ecb6bb234e7ca,1.0,B1021,2.0,True ASDS,1
30,2017-05-01,Falcon 9,8183.607718120806,KSC LC 39A,28.6080585,-80.6039558,LEO,1.0,False,True,True,5e9e3032383ecb267a34e7c7,1.0,B1032,3.0,True RTLS,1
31,2017-05-15,Falcon 9,6070.0,KSC LC 39A,28.6080585,-80.6039558,GTO,1.0,False,False,False,,0.0,B1034,3.0,None None,0
32,2017-06-03,Falcon 9,2708.0,KSC LC 39A,28.6080585,-80.6039558,ISS,1.0,False,True,True,5e9e3032383ecb267a34e7c7,1.0,B1035,3.0,True RTLS,1
33,2017-06-23,Falcon 9,3669.0,KSC LC 39A,28.6080585,-80.6039558,GTO,2.0,True,True,True,5e9e3032383ecb6bb234e7ca,1.0,B1029,3.0,True ASDS,1
34,2017-06-25,Falcon 9,9600.0,VAFB SLC 4E,34.632093,-120.610829,PO,1.0,False,True,True,5e9e3033383ecbb9e534e7cc,1.0,B1036,3.0,True ASDS,1
35,2017-07-05,Falcon 9,6761.0,KSC LC 39A,28.6080585,-80.6039558,GTO,1.0,False,False,False,,0.0,B1037,3.0,None None,0
36,2017-08-14,Falcon 9,2910.0,KSC LC 39A,28.6080585,-80.6039558,ISS,1.0,False,True,True,5e9e3032383ecb267a34e7c7,1.0,B1039,4.0,True RTLS,1
37,2017-08-24,Falcon 9,475.0,VAFB SLC 4E,34.632093,-120.610829,SSO,1.0,False,True,True,5e9e3033383ecbb9e534e7cc,1.0,B1038,3.0,True ASDS,1
38,2017-09-07,Falcon 9,4990.0,KSC LC 39A,28.6080585,-80.6039558,LEO,1.0,False,True,True,5e9e3032383ecb267a34e7c7,1.0,B1040,4.0,True RTLS,1
39,2017-10-09,Falcon 9,9600.0,VAFB SLC 4E,34.632093,-120.610829,PO,1.0,False,True,True,5e9e3033383ecbb9e534e7cc,1.0,B1041,4.0,True ASDS,1
40,2017-10-11,Falcon 9,5200.0,KSC LC 39A,28.6080585,-80.6039558,GTO,2.0,True,True,True,5e9e3032383ecb6bb234e7ca,1.0,B1031,3.0,True ASDS,1
41,2017-10-30,Falcon 9,3700.0,KSC LC 39A,28.6080585,-80.6039558,GTO,1.0,False,True,True,5e9e3032383ecb6bb234e7ca,0.0,B1042,4.0,True ASDS,1
42,2017-12-15,Falcon 9,2205.0,CCSFS SLC 40,28.5618571,-80.577366,ISS,2.0,True,True,True,5e9e3032383ecb267a34e7c7,1.0,B1035,3.0,True RTLS,1
43,2017-12-23,Falcon 9,9600.0,VAFB SLC 4E,34.632093,-120.610829,PO,2.0,True,True,False,,1.0,B1036,3.0,True Ocean,1
44,2018-01-08,Falcon 9,8183.607718120806,CCSFS SLC 40,28.5618571,-80.577366,LEO,1.0,False,True,True,5e9e3032383ecb267a34e7c7,1.0,B1043,4.0,True RTLS,1
45,2018-01-31,Falcon 9,4230.0,CCSFS SLC 40,28.5618571,-80.577366,GTO,2.0,True,True,True,,1.0,B1032,3.0,True Ocean,1
46,2018-03-06,Falcon 9,6092.0,CCSFS SLC 40,28.5618571,-80.577366,GTO,1.0,False,True,True,,0.0,B1044,4.0,None None,0
47,2018-03-30,Falcon 9,9600.0,VAFB SLC 4E,34.632093,-120.610829,PO,2.0,True,True,True,,1.0,B1041,4.0,None None,0
48,2018-04-02,Falcon 9,2760.0,CCSFS SLC 40,28.5618571,-80.577366,ISS,2.0,True,True,True,,1.0,B1039,4.0,None None,0
49,2018-04-18,Falcon 9,350.0,CCSFS SLC 40,28.5618571,-80.577366,HEO,1.0,False,True,True,5e9e3032383ecb6bb234e7ca,1.0,B1045,4.0,True ASDS,1
50,2018-05-11,Falcon 9,3750.0,KSC LC 39A,28.6080585,-80.6039558,GTO,1.0,False,True,True,5e9e3032383ecb6bb234e7ca,3.0,B1046,5.0,True ASDS,1
51,2018-06-04,Falcon 9,5383.85,CCSFS SLC 40,28.5618571,-80.577366,GTO,2.0,True,False,False,,1.0,B1040,4.0,None None,0
52,2018-06-29,Falcon 9,2410.0,CCSFS SLC 40,28.5618571,-80.577366,ISS,2.0,True,False,False,,1.0,B1045,4.0,None None,0
53,2018-07-22,Falcon 9,7076.0,CCSFS SLC 40,28.5618571,-80.577366,GTO,1.0,False,True,True,5e9e3032383ecb6bb234e7ca,2.0,B1047,5.0,True ASDS,1
54,2018-07-25,Falcon 9,9600.0,VAFB SLC 4E,34.632093,-120.610829,PO,1.0,False,True,True,5e9e3033383ecbb9e534e7cc,4.0,B1048,5.0,True ASDS,1
55,2018-08-07,Falcon 9,5800.0,CCSFS SLC 40,28.5618571,-80.577366,GTO,2.0,True,True,True,5e9e3032383ecb6bb234e7ca,3.0,B1046,5.0,True ASDS,1
56,2018-09-10,Falcon 9,7060.0,CCSFS SLC 40,28.5618571,-80.577366,GTO,1.0,False,True,True,5e9e3032383ecb6bb234e7ca,9.0,B1049,5.0,True ASDS,1
57,2018-10-08,Falcon 9,2800.0,VAFB SLC 4E,34.632093,-120.610829,SSO,2.0,True,True,True,5e9e3032383ecb554034e7c9,4.0,B1048,5.0,True RTLS,1
58,2018-11-15,Falcon 9,3000.0,KSC LC 39A,28.6080585,-80.6039558,GTO,2.0,True,True,True,5e9e3032383ecb6bb234e7ca,2.0,B1047,5.0,True ASDS,1
59,2018-12-03,Falcon 9,4000.0,VAFB SLC 4E,34.632093,-120.610829,SSO,3.0,True,True,True,5e9e3033383ecbb9e534e7cc,3.0,B1046,5.0,True ASDS,1
60,2018-12-05,Falcon 9,2573.0,CCSFS SLC 40,28.5618571,-80.577366,ISS,1.0,False,True,True,5e9e3032383ecb267a34e7c7,0.0,B1050,5.0,False RTLS,0
61,2018-12-23,Falcon 9,4400.0,CCSFS SLC 40,28.5618571,-80.577366,MEO,1.0,False,False,False,,0.0,B1054,5.0,None None,0
62,2019-01-11,Falcon 9,9600.0,VAFB SLC 4E,34.632093,-120.610829,PO,2.0,True,True,True,5e9e3033383ecbb9e534e7cc,9.0,B1049,5.0,True ASDS,1
63,2019-03-02,Falcon 9,12259.0,KSC LC 39A,28.6080585,-80.6039558,ISS,1.0,False,True,True,5e9e3032383ecb6bb234e7ca,12.0,B1051,5.0,True ASDS,1
64,2019-05-04,Falcon 9,2482.0,CCSFS SLC 40,28.5618571,-80.577366,ISS,1.0,False,True,True,5e9e3032383ecb6bb234e7ca,3.0,B1056,5.0,True ASDS,1
65,2019-05-24,Falcon 9,13200.0,CCSFS SLC 40,28.5618571,-80.577366,VLEO,3.0,True,True,True,5e9e3032383ecb6bb234e7ca,9.0,B1049,5.0,True ASDS,1
66,2019-06-12,Falcon 9,1425.0,VAFB SLC 4E,34.632093,-120.610829,SSO,2.0,True,True,True,5e9e3032383ecb554034e7c9,12.0,B1051,5.0,True RTLS,1
67,2019-07-25,Falcon 9,2227.7,CCSFS SLC 40,28.5618571,-80.577366,ISS,2.0,True,True,True,5e9e3032383ecb267a34e7c7,3.0,B1056,5.0,True RTLS,1
68,2019-08-06,Falcon 9,6500.0,CCSFS SLC 40,28.5618571,-80.577366,GTO,3.0,True,False,False,,2.0,B1047,5.0,None None,0
69,2019-11-11,Falcon 9,15600.0,CCSFS SLC 40,28.5618571,-80.577366,VLEO,4.0,True,True,True,5e9e3032383ecb6bb234e7ca,4.0,B1048,5.0,True ASDS,1
70,2019-12-05,Falcon 9,5000.0,CCSFS SLC 40,28.5618571,-80.577366,ISS,1.0,False,True,True,5e9e3032383ecb6bb234e7ca,5.0,B1059,5.0,True ASDS,1
71,2019-12-17,Falcon 9,6800.0,CCSFS SLC 40,28.5618571,-80.577366,GTO,3.0,True,True,True,5e9e3032383ecb6bb234e7ca,3.0,B1056,5.0,True ASDS,1
72,2020-01-07,Falcon 9,15600.0,CCSFS SLC 40,28.5618571,-80.577366,VLEO,4.0,True,True,True,5e9e3032383ecb6bb234e7ca,9.0,B1049,5.0,True ASDS,1
73,2020-01-19,Falcon 9,8183.607718120806,KSC LC 39A,28.6080585,-80.6039558,SO,4.0,True,False,False,,3.0,B1046,5.0,None None,0
74,2020-01-29,Falcon 9,15600.0,CCSFS SLC 40,28.5618571,-80.577366,VLEO,3.0,True,True,True,5e9e3032383ecb6bb234e7ca,12.0,B1051,5.0,True ASDS,1
75,2020-02-17,Falcon 9,15600.0,CCSFS SLC 40,28.5618571,-80.577366,VLEO,4.0,True,True,True,5e9e3032383ecb6bb234e7ca,3.0,B1056,5.0,False ASDS,0
76,2020-03-07,Falcon 9,1977.0,CCSFS SLC 40,28.5618571,-80.577366,ISS,2.0,True,True,True,5e9e3032383ecb267a34e7c7,5.0,B1059,5.0,True RTLS,1
77,2020-03-18,Falcon 9,15600.0,KSC LC 39A,28.6080585,-80.6039558,VLEO,5.0,True,True,True,5e9e3032383ecb6bb234e7ca,4.0,B1048,5.0,False ASDS,0
78,2020-04-22,Falcon 9,15600.0,KSC LC 39A,28.6080585,-80.6039558,VLEO,4.0,True,True,True,5e9e3032383ecb6bb234e7ca,12.0,B1051,5.0,True ASDS,1
79,2020-05-30,Falcon 9,9525.0,KSC LC 39A,28.6080585,-80.6039558,ISS,1.0,False,True,True,5e9e3032383ecb6bb234e7ca,13.0,B1058,5.0,True ASDS,1
80,2020-06-04,Falcon 9,15600.0,CCSFS SLC 40,28.5618571,-80.577366,VLEO,5.0,True,True,True,5e9e3033383ecbb9e534e7cc,9.0,B1049,5.0,True ASDS,1
81,2020-06-13,Falcon 9,15600.0,CCSFS SLC 40,28.5618571,-80.577366,VLEO,3.0,True,True,True,5e9e3032383ecb6bb234e7ca,5.0,B1059,5.0,True ASDS,1
82,2020-06-30,Falcon 9,3880.0,CCSFS SLC 40,28.5618571,-80.577366,MEO,1.0,False,True,True,5e9e3033383ecbb9e534e7cc,12.0,B1060,5.0,True ASDS,1
83,2020-07-20,Falcon 9,8183.607718120806,CCSFS SLC 40,28.5618571,-80.577366,GEO,2.0,True,True,True,5e9e3033383ecbb9e534e7cc,13.0,B1058,5.0,True ASDS,1
84,2020-08-18,Falcon 9,15600.0,CCSFS SLC 40,28.5618571,-80.577366,VLEO,6.0,True,True,True,5e9e3032383ecb6bb234e7ca,9.0,B1049,5.0,True ASDS,1
85,2020-08-30,Falcon 9,1600.0,CCSFS SLC 40,28.5618571,-80.577366,SSO,4.0,True,True,True,5e9e3032383ecb267a34e7c7,5.0,B1059,5.0,True RTLS,1
86,2020-09-03,Falcon 9,15600.0,KSC LC 39A,28.6080585,-80.6039558,VLEO,2.0,True,True,True,5e9e3032383ecb6bb234e7ca,12.0,B1060,5.0,True ASDS,1
87,2020-10-06,Falcon 9,15600.0,KSC LC 39A,28.6080585,-80.6039558,VLEO,3.0,True,True,True,5e9e3032383ecb6bb234e7ca,13.0,B1058,5.0,True ASDS,1
88,2020-10-18,Falcon 9,15600.0,KSC LC 39A,28.6080585,-80.6039558,VLEO,6.0,True,True,True,5e9e3032383ecb6bb234e7ca,12.0,B1051,5.0,True ASDS,1
89,2020-10-24,Falcon 9,15600.0,CCSFS SLC 40,28.5618571,-80.577366,VLEO,3.0,True,True,True,5e9e3033383ecbb9e534e7cc,12.0,B1060,5.0,True ASDS,1
90,2020-11-05,Falcon 9,3681.0,CCSFS SLC 40,28.5618571,-80.577366,MEO,1.0,False,True,True,5e9e3032383ecb6bb234e7ca,8.0,B1062,5.0,True ASDS,1
91,2020-11-16,Falcon 9,8183.607718120806,KSC LC 39A,28.6080585,-80.6039558,ISS,1.0,False,True,True,5e9e3033383ecbb9e534e7cc,9.0,B1061,5.0,True ASDS,1
92,2020-11-21,Falcon 9,1440.0,VAFB SLC 4E,34.632093,-120.610829,PO,1.0,False,True,True,5e9e3032383ecb554034e7c9,6.0,B1063,5.0,True RTLS,1
93,2020-11-25,Falcon 9,15600.0,CCSFS SLC 40,28.5618571,-80.577366,VLEO,7.0,True,True,True,5e9e3032383ecb6bb234e7ca,9.0,B1049,5.0,True ASDS,1
94,2020-12-06,Falcon 9,2972.0,KSC LC 39A,28.6080585,-80.6039558,ISS,4.0,True,True,True,5e9e3032383ecb6bb234e7ca,13.0,B1058,5.0,True ASDS,1
95,2020-12-13,Falcon 9,7000.0,CCSFS SLC 40,28.5618571,-80.577366,GTO,7.0,True,True,True,5e9e3033383ecbb9e534e7cc,12.0,B1051,5.0,True ASDS,1
97,2021-01-08,Falcon 9,3500.0,CCSFS SLC 40,28.5618571,-80.577366,GTO,4.0,True,True,True,5e9e3033383ecbb9e534e7cc,12.0,B1060,5.0,True ASDS,1
98,2021-01-20,Falcon 9,15600.0,KSC LC 39A,28.6080585,-80.6039558,VLEO,8.0,True,True,True,5e9e3033383ecbb9e534e7cc,12.0,B1051,5.0,True ASDS,1
99,2021-01-24,Falcon 9,8183.607718120806,CCSFS SLC 40,28.5618571,-80.577366,SSO,5.0,True,True,True,5e9e3032383ecb6bb234e7ca,13.0,B1058,5.0,True ASDS,1
100,2021-02-04,Falcon 9,15600.0,CCSFS SLC 40,28.5618571,-80.577366,VLEO,5.0,True,True,True,5e9e3032383ecb6bb234e7ca,12.0,B1060,5.0,True ASDS,1
101,2021-02-16,Falcon 9,15600.0,CCSFS SLC 40,28.5618571,-80.577366,VLEO,6.0,True,True,True,5e9e3032383ecb6bb234e7ca,5.0,B1059,5.0,False ASDS,0
102,2021-03-04,Falcon 9,15600.0,KSC LC 39A,28.6080585,-80.6039558,VLEO,8.0,True,True,True,5e9e3032383ecb6bb234e7ca,9.0,B1049,5.0,True ASDS,1
103,2021-03-11,Falcon 9,15600.0,CCSFS SLC 40,28.5618571,-80.577366,VLEO,6.0,True,True,True,5e9e3033383ecbb9e534e7cc,13.0,B1058,5.0,True ASDS,1
104,2021-03-14,Falcon 9,15600.0,KSC LC 39A,28.6080585,-80.6039558,VLEO,9.0,True,True,True,5e9e3032383ecb6bb234e7ca,12.0,B1051,5.0,True ASDS,1
105,2021-03-24,Falcon 9,15600.0,CCSFS SLC 40,28.5618571,-80.577366,VLEO,6.0,True,True,True,5e9e3032383ecb6bb234e7ca,12.0,B1060,5.0,True ASDS,1
106,2021-04-07,Falcon 9,15600.0,CCSFS SLC 40,28.5618571,-80.577366,VLEO,7.0,True,True,True,5e9e3032383ecb6bb234e7ca,13.0,B1058,5.0,True ASDS,1
107,2021-04-23,Falcon 9,8183.607718120806,KSC LC 39A,28.6080585,-80.6039558,ISS,2.0,True,True,True,5e9e3032383ecb6bb234e7ca,9.0,B1061,5.0,True ASDS,1
108,2021-04-29,Falcon 9,15600.0,CCSFS SLC 40,28.5618571,-80.577366,VLEO,7.0,True,True,True,5e9e3033383ecbb9e534e7cc,12.0,B1060,5.0,True ASDS,1
109,2021-05-04,Falcon 9,15600.0,KSC LC 39A,28.6080585,-80.6039558,VLEO,9.0,True,True,True,5e9e3032383ecb6bb234e7ca,9.0,B1049,5.0,True ASDS,1
110,2021-05-09,Falcon 9,15600.0,CCSFS SLC 40,28.5618571,-80.577366,VLEO,10.0,True,True,True,5e9e3032383ecb6bb234e7ca,12.0,B1051,5.0,True ASDS,1
111,2021-05-26,Falcon 9,15600.0,CCSFS SLC 40,28.5618571,-80.577366,VLEO,2.0,True,True,True,5e9e3033383ecbb9e534e7cc,6.0,B1063,5.0,True ASDS,1
112,2021-06-03,Falcon 9,3328.0,KSC LC 39A,28.6080585,-80.6039558,ISS,1.0,False,True,True,5e9e3032383ecb6bb234e7ca,5.0,B1067,5.0,True ASDS,1
113,2021-06-06,Falcon 9,7000.0,CCSFS SLC 40,28.5618571,-80.577366,GTO,3.0,True,True,True,5e9e3033383ecbb9e534e7cc,9.0,B1061,5.0,True ASDS,1
114,2021-06-17,Falcon 9,3681.0,CCSFS SLC 40,28.5618571,-80.577366,MEO,2.0,True,True,True,5e9e3033383ecbb9e534e7cc,8.0,B1062,5.0,True ASDS,1
115,2021-06-30,Falcon 9,8183.607718120806,CCSFS SLC 40,28.5618571,-80.577366,SSO,8.0,True,True,True,5e9e3032383ecb267a34e7c7,12.0,B1060,5.0,True RTLS,1
116,2021-08-29,Falcon 9,8183.607718120806,KSC LC 39A,28.6080585,-80.6039558,ISS,4.0,True,True,True,5e9e3033383ecb075134e7cd,9.0,B1061,5.0,True ASDS,1
117,2021-09-14,Falcon 9,15600.0,VAFB SLC 4E,34.632093,-120.610829,PO,10.0,True,True,True,5e9e3032383ecb6bb234e7ca,9.0,B1049,5.0,True ASDS,1
118,2021-09-16,Falcon 9,8183.607718120806,KSC LC 39A,28.6080585,-80.6039558,LEO,3.0,True,True,True,5e9e3033383ecbb9e534e7cc,8.0,B1062,5.0,True ASDS,1
119,2021-11-11,Falcon 9,12519.0,KSC LC 39A,28.6080585,-80.6039558,ISS,2.0,True,True,True,5e9e3033383ecb075134e7cd,5.0,B1067,5.0,True ASDS,1
120,2021-11-13,Falcon 9,13260.0,CCSFS SLC 40,28.5618571,-80.577366,LEO,9.0,True,True,True,5e9e3033383ecbb9e534e7cc,13.0,B1058,5.0,True ASDS,1
121,2021-11-24,Falcon 9,670.0,VAFB SLC 4E,34.632093,-120.610829,TLI,2.0,True,True,True,5e9e3032383ecb6bb234e7ca,6.0,B1063,5.0,True ASDS,1
122,2021-12-01,Falcon 9,13260.0,CCSFS SLC 40,28.5618571,-80.577366,PO,9.0,True,True,True,5e9e3033383ecb075134e7cd,12.0,B1060,5.0,True ASDS,1
123,2021-12-09,Falcon 9,330.0,KSC LC 39A,28.6080585,-80.6039558,LEO,5.0,True,True,True,5e9e3033383ecbb9e534e7cc,9.0,B1061,5.0,True ASDS,1
124,2021-12-18,Falcon 9,13260.0,VAFB SLC 4E,34.632093,-120.610829,PO,11.0,True,True,True,5e9e3032383ecb6bb234e7ca,12.0,B1051,5.0,True ASDS,1
125,2021-12-19,Falcon 9,3500.0,CCSFS SLC 40,28.5618571,-80.577366,GTO,3.0,True,True,True,5e9e3033383ecb075134e7cd,5.0,B1067,5.0,True ASDS,1
126,2021-12-21,Falcon 9,8183.607718120806,KSC LC 39A,28.6080585,-80.6039558,ISS,1.0,False,True,True,5e9e3033383ecbb9e534e7cc,1.0,B1069,5.0,True ASDS,1
127,2022-01-06,Falcon 9,13260.0,KSC LC 39A,28.6080585,-80.6039558,VLEO,4.0,True,True,True,5e9e3033383ecb075134e7cd,8.0,B1062,5.0,True ASDS,1
128,2022-01-13,Falcon 9,8183.607718120806,CCSFS SLC 40,28.5618571,-80.577366,LEO,10.0,True,True,True,5e9e3032383ecb267a34e7c7,13.0,B1058,5.0,True RTLS,1
129,2022-01-19,Falcon 9,13260.0,KSC LC 39A,28.6080585,-80.6039558,VLEO,10.0,True,True,True,5e9e3033383ecb075134e7cd,12.0,B1060,5.0,True ASDS,1
130,2022-01-31,Falcon 9,2240.0,CCSFS SLC 40,28.5618571,-80.577366,SSO,3.0,True,True,True,5e9e3032383ecb267a34e7c7,6.0,B1052,5.0,True RTLS,1
131,2022-02-02,Falcon 9,8183.607718120806,VAFB SLC 4E,34.632093,-120.610829,LEO,1.0,False,True,True,5e9e3032383ecb554034e7c9,3.0,B1071,5.0,True RTLS,1
132,2022-02-03,Falcon 9,13260.0,KSC LC 39A,28.6080585,-80.6039558,VLEO,6.0,True,True,True,5e9e3033383ecb075134e7cd,9.0,B1061,5.0,True ASDS,1
133,2022-02-21,Falcon 9,13260.0,CCSFS SLC 40,28.5618571,-80.577366,VLEO,11.0,True,True,True,5e9e3033383ecb075134e7cd,13.0,B1058,5.0,True ASDS,1
134,2022-02-25,Falcon 9,13260.0,VAFB SLC 4E,34.632093,-120.610829,VLEO,4.0,True,True,True,5e9e3032383ecb6bb234e7ca,6.0,B1063,5.0,True ASDS,1
135,2022-03-03,Falcon 9,13260.0,KSC LC 39A,28.6080585,-80.6039558,VLEO,11.0,True,True,True,5e9e3033383ecbb9e534e7cc,12.0,B1060,5.0,True ASDS,1
136,2022-03-09,Falcon 9,13260.0,CCSFS SLC 40,28.5618571,-80.577366,VLEO,4.0,True,True,True,5e9e3033383ecb075134e7cd,6.0,B1052,5.0,True ASDS,1
137,2022-03-19,Falcon 9,13260.0,CCSFS SLC 40,28.5618571,-80.577366,VLEO,12.0,True,True,True,5e9e3033383ecbb9e534e7cc,12.0,B1051,5.0,True ASDS,1
138,2022-04-01,Falcon 9,8183.607718120806,CCSFS SLC 40,28.5618571,-80.577366,SSO,7.0,True,True,True,5e9e3033383ecbb9e534e7cc,9.0,B1061,5.0,True ASDS,1
139,2022-04-08,Falcon 9,8183.607718120806,KSC LC 39A,28.6080585,-80.6039558,ISS,5.0,True,True,True,5e9e3033383ecb075134e7cd,8.0,B1062,5.0,True ASDS,1
140,2022-04-17,Falcon 9,8183.607718120806,VAFB SLC 4E,34.632093,-120.610829,LEO,2.0,True,True,True,5e9e3032383ecb554034e7c9,3.0,B1071,5.0,True RTLS,1
141,2022-04-21,Falcon 9,13260.0,CCSFS SLC 40,28.5618571,-80.577366,VLEO,12.0,True,True,True,5e9e3033383ecbb9e534e7cc,12.0,B1060,5.0,True ASDS,1
142,2022-04-27,Falcon 9,8183.607718120806,KSC LC 39A,28.6080585,-80.6039558,ISS,4.0,True,True,True,5e9e3033383ecb075134e7cd,5.0,B1067,5.0,True ASDS,1
143,2022-04-29,Falcon 9,13260.0,CCSFS SLC 40,28.5618571,-80.577366,VLEO,6.0,True,True,True,5e9e3033383ecbb9e534e7cc,8.0,B1062,5.0,True ASDS,1
144,2022-05-06,Falcon 9,13260.0,KSC LC 39A,28.6080585,-80.6039558,VLEO,12.0,True,True,True,5e9e3033383ecb075134e7cd,13.0,B1058,5.0,True ASDS,1
145,2022-05-13,Falcon 9,13260.0,VAFB SLC 4E,34.632093,-120.610829,VLEO,5.0,True,True,True,5e9e3032383ecb6bb234e7ca,6.0,B1063,5.0,True ASDS,1
146,2022-05-14,Falcon 9,13260.0,CCSFS SLC 40,28.5618571,-80.577366,VLEO,1.0,False,True,True,5e9e3033383ecbb9e534e7cc,2.0,B1073,5.0,True ASDS,1
147,2022-05-18,Falcon 9,13260.0,KSC LC 39A,28.6080585,-80.6039558,VLEO,5.0,True,True,True,5e9e3033383ecb075134e7cd,6.0,B1052,5.0,True ASDS,1
148,2022-05-25,Falcon 9,8183.607718120806,CCSFS SLC 40,28.5618571,-80.577366,SSO,8.0,True,True,True,5e9e3032383ecb267a34e7c7,9.0,B1061,5.0,True RTLS,1
149,2022-06-08,Falcon 9,3938.0,CCSFS SLC 40,28.5618571,-80.577366,GEO,7.0,True,True,True,5e9e3033383ecbb9e534e7cc,8.0,B1062,5.0,True ASDS,1
150,2022-06-01,Falcon 9,13260.0,KSC LC 39A,28.6080585,-80.6039558,VLEO,13.0,True,True,True,5e9e3033383ecb075134e7cd,12.0,B1060,5.0,True ASDS,1
151,2022-06-18,Falcon 9,2200.0,VAFB SLC 4E,34.632093,-120.610829,SSO,3.0,True,True,True,5e9e3032383ecb554034e7c9,3.0,B1071,5.0,True RTLS,1
152,2022-06-19,Falcon 9,700.0,CCSFS SLC 40,28.5618571,-80.577366,LEO,9.0,True,True,True,5e9e3033383ecbb9e534e7cc,9.0,B1061,5.0,True ASDS,1
153,2022-06-29,Falcon 9,3500.0,CCSFS SLC 40,28.5618571,-80.577366,MEO,2.0,True,True,True,5e9e3033383ecb075134e7cd,2.0,B1073,5.0,True ASDS,1
154,2022-07-07,Falcon 9,13260.0,CCSFS SLC 40,28.5618571,-80.577366,VLEO,13.0,True,True,True,5e9e3033383ecbb9e534e7cc,13.0,B1058,5.0,True ASDS,1
155,2022-07-11,Falcon 9,13260.0,VAFB SLC 4E,34.632093,-120.610829,VLEO,6.0,True,True,True,5e9e3032383ecb6bb234e7ca,6.0,B1063,5.0,True ASDS,1
156,2022-07-15,Falcon 9,8183.607718120806,KSC LC 39A,28.6080585,-80.6039558,ISS,5.0,True,True,True,5e9e3033383ecb075134e7cd,5.0,B1067,5.0,True ASDS,1
157,2022-07-17,Falcon 9,13260.0,CCSFS SLC 40,28.5618571,-80.577366,VLEO,13.0,True,True,True,5e9e3033383ecbb9e534e7cc,12.0,B1051,5.0,True ASDS,1
158,2022-07-21,Falcon 9,13260.0,VAFB SLC 4E,34.632093,-120.610829,VLEO,4.0,True,True,True,5e9e3032383ecb6bb234e7ca,3.0,B1071,5.0,True ASDS,1
159,2022-07-24,Falcon 9,13260.0,CCSFS SLC 40,28.5618571,-80.577366,VLEO,8.0,True,True,True,5e9e3033383ecb075134e7cd,8.0,B1062,5.0,True ASDS,1
160,2022-08-04,Falcon 9,678.0,CCSFS SLC 40,28.5618571,-80.577366,TLI,6.0,True,True,True,5e9e3033383ecbb9e534e7cc,6.0,B1052,5.0,True ASDS,1
161,2022-08-09,Falcon 9,13260.0,KSC LC 39A,28.6080585,-80.6039558,VLEO,3.0,True,True,True,5e9e3033383ecb075134e7cd,2.0,B1073,5.0,True ASDS,1
162,2022-08-12,Falcon 9,13260.0,VAFB SLC 4E,34.632093,-120.610829,VLEO,10.0,True,True,True,5e9e3032383ecb6bb234e7ca,9.0,B1061,5.0,True ASDS,1
163,2022-08-19,Falcon 9,13260.0,CCSFS SLC 40,28.5618571,-80.577366,VLEO,9.0,True,True,True,5e9e3033383ecb075134e7cd,8.0,B1062,5.0,True ASDS,1
164,2022-08-28,Falcon 9,13260.0,KSC LC 39A,28.6080585,-80.6039558,VLEO,2.0,True,True,True,5e9e3033383ecb075134e7cd,1.0,B1069,5.0,True ASDS,1
165,2022-08-31,Falcon 9,13260.0,VAFB SLC 4E,34.632093,-120.610829,VLEO,7.0,True,True,True,5e9e3032383ecb6bb234e7ca,6.0,B1063,5.0,True ASDS,1
166,2022-09-17,Falcon 9,13260.0,CCSFS SLC 40,28.5618571,-80.577366,VLEO,6.0,True,True,True,5e9e3033383ecbb9e534e7cc,5.0,B1067,5.0,True ASDS,1
167,2022-09-24,Falcon 9,13260.0,CCSFS SLC 40,28.5618571,-80.577366,VLEO,4.0,True,True,True,5e9e3033383ecbb9e534e7cc,0.0,B1072,5.0,True ASDS,1
168,2022-10-05,Falcon 9,8183.607718120806,KSC LC 39A,28.6080585,-80.6039558,ISS,1.0,False,True,True,5e9e3033383ecbb9e534e7cc,0.0,B1077,5.0,True ASDS,1
